{
  "com.liferay.client.extension.type.configuration.CETConfiguration~sample-custom-element" : {
    "baseURL" : "${portalURL}/o/sample-custom-element",
    "description" : "",
    "dxp.lxc.liferay.com.virtualInstanceId" : "default",
    "name" : "Sample Custom Element",
    "sourceCodeURL" : "",
    "type" : "customElement",
    "typeSettings" : [ "cssURLs=style.css", "friendlyURLMapping=vanilla-counter", "htmlElementName=vanilla-counter", "instanceable=false", "portletCategoryName=category.remote-apps", "urls=index.js", "useESM=false" ]
  }
}